"micro_reg_id","micro_reg_name","isolated","dt","ibge","ibge.conf","ibge.code"
"5913914403205749cd16d5ca","Microrregião de Araripina",0.443694061276381,"2020-05-14","ARARIPINA","ARARIPINA","26001"
"5913914503205749cd16d9e9","Microrregião dos Lencóis Maranhenses",0.474965172305986,"2020-05-14","LENÇÓIS MARANHENSES","LENÇÓIS MARANHENSES","21004"
"5913912a03205749cd165317","Microrregião de Paranaíba",0.373719858023819,"2020-05-14","PARANAÍBA","PARANAÍBA","50006"
"5913912903205749cd165010","Microrregião de Dourados",0.401036118478817,"2020-05-14","DOURADOS","DOURADOS","50010"
"5913914c03205749cd16fa55","Microrregião de Floriano",0.38499505594291,"2020-05-14","FLORIANO","FLORIANO","22009"
"59138d8c03205749cd051b77","Microrregião Januária",0.38880124576345,"2020-05-14","JANUÁRIA","JANUÁRIA","31003"
"5913914d03205749cd16fedf","Microrregião do Litoral de Camocim e Acaraú",0.503926935513267,"2020-05-14","LITORAL DE CAMOCIM E ACARAÚ","LITORAL DE CAMOCIM E ACARAÚ","23001"
"5913912303205749cd162fa7","Microrregião de Oiapoque",0.557145870741288,"2020-05-14","OIAPOQUE","OIAPOQUE","16001"
"5913915703205749cd1739f3","Microrregião de Serra de Santana",0.423883764621766,"2020-05-14","SERRA DE SANTANA","SERRA DE SANTANA","24010"
"5913914803205749cd16e4a7","Microrregião do Alto Mearim e Grajaú",0.483129967996624,"2020-05-14","ALTO MEARIM E GRAJAÚ","ALTO MEARIM E GRAJAÚ","21011"
"59138d8c03205749cd051b5b","Microrregião Araçuaí",0.390535750525187,"2020-05-14","ARAÇUAÍ","ARAÇUAÍ","31012"
"5913912a03205749cd16525a","Microrregião de Campo Grande",0.372821804666972,"2020-05-14","CAMPO GRANDE","CAMPO GRANDE","50004"
"59138d8c03205749cd051b64","Microrregião Caratinga",0.383694201177597,"2020-05-14","CARATINGA","CARATINGA","31040"
"5913912303205749cd162f9a","Microrregião de Macapá",0.498965462453567,"2020-05-14","MACAPÁ","MACAPÁ","16003"
"5913912a03205749cd165313","Microrregião de Cassilândia",0.374782765798113,"2020-05-14","CASSILÂNDIA","CASSILÂNDIA","50005"
"5913913403205749cd168605","Microrregião de Catalão",0.393010785425988,"2020-05-14","CATALÃO","CATALÃO","52017"
"5913914c03205749cd16fa70","Microrregião das Chapadas do Extremo Sul Piauiense",0.400503820408813,"2020-05-14","CHAPADAS DO EXTREMO SUL PIAUIENSE","CHAPADAS DO EXTREMO SUL PIAUIENSE","22012"
"5913911503205749cd15f21d","Microrregião de São Joaquim da Barra",0.376561825787152,"2020-05-14","SÃO JOAQUIM DA BARRA","SÃO JOAQUIM DA BARRA","35010"
"5913912303205749cd1631c1","Microrregião de Almeirim",0.410097820762961,"2020-05-14","ALMEIRIM","ALMEIRIM","15003"
"5913912a03205749cd16533d","Microrregião de São Miguel D'Oeste",0.39268310440925,"2020-05-14","SÃO MIGUEL DO OESTE","SÃO MIGUEL DO OESTE","42001"
"5913911203205749cd15dda3","Microrregião de Avaré",0.399123033730796,"2020-05-14","AVARÉ","AVARÉ","35022"
"5913912a03205749cd165349","Microrregião de Concórdia",0.390161378811129,"2020-05-14","CONCÓRDIA","CONCÓRDIA","42005"
"59138d8503205749cd04ff0e","Microrregião Itaguaí",0.445310251195256,"2020-05-14","ITAGUAÍ","ITAGUAÍ","33017"
"59138d8303205749cd04f53d","Microrregião Itaperuna",0.452905977668333,"2020-05-14","ITAPERUNA","ITAPERUNA","33001"
"591390cd03205749cd1478e3","Microrregião de Santa Maria da Vitória",0.384450570103434,"2020-05-14","SANTA MARIA DA VITÓRIA","SANTA MARIA DA VITÓRIA","29003"
"5913911c03205749cd16115a","Microrregião de Bragança Paulista",0.403390351590009,"2020-05-14","BRAGANÇA PAULISTA","BRAGANÇA PAULISTA","35048"
"5913913003205749cd1674a0","Microrregião de Porto Nacional",0.372169777931676,"2020-05-14","PORTO NACIONAL","PORTO NACIONAL","17006"
"5913911903205749cd1603cd","Microrregião de Pirassununga",0.408173700860345,"2020-05-14","PIRASSUNUNGA","PIRASSUNUNGA","35029"
"5913910c03205749cd15be17","Microrregião de Pitanga",0.391918846024347,"2020-05-14","PITANGA","PITANGA","41028"
"5913912a03205749cd16534e","Microrregião de Chapecó",0.394782259135921,"2020-05-14","CHAPECÓ","CHAPECÓ","42002"
"5913911c03205749cd161153","Microrregião de Joinville",0.398403197054235,"2020-05-14","JOINVILLE","JOINVILLE","42008"
"5913915403205749cd172a12","Microrregião de Lavras da Mangabeira",0.43711398668804,"2020-05-14","LAVRAS DA MANGABEIRA","LAVRAS DA MANGABEIRA","23028"
"5913911e03205749cd161b70","Microrregião de Santos",0.450203929721254,"2020-05-14","SANTOS","SANTOS","35063"
"5913911c03205749cd16168b","Microrregião de Franco da Rocha",0.435499193413596,"2020-05-14","FRANCO DA ROCHA","FRANCO DA ROCHA","35058"
"5913910803205749cd15aa66","Microrregião Jaguaraíva",0.403270603294933,"2020-05-14","JAGUARIAÍVA","JAGUARIAÍVA","41020"
"59138b8a03205749cdfcdb83","Microrregião de Santa Maria",0.393483814511445,"2020-05-14","SANTA MARIA","SANTA MARIA","43018"
"5913914303205749cd16cffe","Microrregião do Sertão do Moxotó",0.426499533228977,"2020-05-14","SERTÃO DO MOXOTÓ","SERTÃO DO MOXOTÓ","26004"
"5913914503205749cd16d9f2","Microrregião do Baixo Parnaíba Maranhense",0.520200100630911,"2020-05-14","BAIXO PARNAÍBA MARANHENSE","BAIXO PARNAÍBA MARANHENSE","21013"
"59138d8d03205749cd051b91","Microrregião Sete Lagoas",0.361080351570626,"2020-05-14","SETE LAGOAS","SETE LAGOAS","31027"
"5913914b03205749cd16f556","Microrregião de Valença do Piauí",0.419570999721871,"2020-05-14","VALENÇA DO PIAUÍ","VALENÇA DO PIAUÍ","22006"
"5913911e03205749cd162177","Microrregião de São José dos Campos",0.403483563501854,"2020-05-14","SÃO JOSÉ DOS CAMPOS","SÃO JOSÉ DOS CAMPOS","35050"
"5913911e03205749cd16221f","Microrregião de Caraguatatuba",0.466731209816978,"2020-05-14","CARAGUATATUBA","CARAGUATATUBA","35054"
"5913910603205749cd159eda","Microrregião Astorga",0.347989352229226,"2020-05-14","ASTORGA","ASTORGA","41006"
"5913911e03205749cd1621b0","Microrregião de Bananal",0.370751528330455,"2020-05-14","BANANAL","BANANAL","35052"
"59138d8403205749cd04faff","Microrregião Barra do Piraí",0.436807505874193,"2020-05-14","BARRA DO PIRAÍ","BARRA DO PIRAÍ","33012"
"5913911903205749cd1603cf","Microrregião de Moji-Mirim",0.39997902020589,"2020-05-14","MOGI MIRIM",NA,NA
"59138d8c03205749cd051b5c","Microrregião Andrelândia",0.430842161832731,"2020-05-14","ANDRELÂNDIA","ANDRELÂNDIA","31055"
"5913912403205749cd1635fd","Microrregião de Belém",0.520764655524374,"2020-05-14","BELÉM","BELÉM","15007"
"5913912003205749cd1626e8","Microrregião de Caracaraí",0.465304598690949,"2020-05-14","CARACARAÍ","CARACARAÍ","14003"
"59138d8c03205749cd051b6e","Microrregião Governador Valadares",0.362668160389373,"2020-05-14","GOVERNADOR VALADARES","GOVERNADOR VALADARES","31037"
"5913911c03205749cd161155","Microrregião de Sorocaba",0.413890127929202,"2020-05-14","SOROCABA","SOROCABA","35046"
"5913910f03205749cd15d416","Microrregião de Fernandópolis",0.364395187362751,"2020-05-14","FERNANDÓPOLIS","FERNANDÓPOLIS","35002"
"5913911c03205749cd16168d","Microrregião de São Paulo",0.475841040263787,"2020-05-14","SÃO PAULO","SÃO PAULO","35061"
"59138cf603205749cd028434","Microrregião Colatina",0.391231275518122,"2020-05-14","COLATINA","COLATINA","32003"
"59138d8c03205749cd051b84","Microrregião Pedra Azul",0.375331307707467,"2020-05-14","PEDRA AZUL","PEDRA AZUL","31013"
"5913913403205749cd168609","Microrregião de Pires do Rio",0.396229614660541,"2020-05-14","PIRES DO RIO","PIRES DO RIO","52016"
"59138b8a03205749cdfcdcb8","Microrregião de Santo Ângelo",0.39356990084244,"2020-05-14","SANTO ÂNGELO","SANTO ÂNGELO","43007"
"5913914c03205749cd16fa4b","Microrregião de São Raimundo Nonato",0.375915631801798,"2020-05-14","SÃO RAIMUNDO NONATO","SÃO RAIMUNDO NONATO","22011"
"591390c003205749cd143421","Microrregião de Bom Jesus da Lapa",0.404608453040836,"2020-05-14","BOM JESUS DA LAPA","BOM JESUS DA LAPA","29007"
"5913910e03205749cd15cc88","Microrregião de Curitiba",0.399676421268869,"2020-05-14","CURITIBA","CURITIBA","41037"
"5913910e03205749cd15ccca","Microrregião de Japurá",0.518521576754291,"2020-05-14","JAPURÁ","JAPURÁ","13002"
"5913911903205749cd1603db","Microrregião de São João da Boa Vista",0.412434694157786,"2020-05-14","SÃO JOÃO DA BOA VISTA","SÃO JOÃO DA BOA VISTA","35030"
"5913910c03205749cd15be1d","Microrregião de Palmas",0.391258810692028,"2020-05-14","PALMAS","PALMAS","41030"
"59138e2803205749cd07f8a8","Microrregião de Presidente Prudente",0.391768364023112,"2020-05-14","PRESIDENTE PRUDENTE","PRESIDENTE PRUDENTE","35036"
"5913915403205749cd172587","Microrregião o Sertão de Senador Pompeu",0.457930177736412,"2020-05-14","SERTÃO DE SENADOR POMPEU","SERTÃO DE SENADOR POMPEU","23021"
"5913913403205749cd168633","Microrregião Sudoeste de Goiás",0.361293562521759,"2020-05-14","SUDOESTE DE GOIÁS","SUDOESTE DE GOIÁS","52013"
"5913913403205749cd168626","Microrregião de Iporá",0.321302925146681,"2020-05-14","IPORÁ","IPORÁ","52008"
"5913910e03205749cd15cce9","Microrregião de Parintins",0.49198705683707,"2020-05-14","PARINTINS","PARINTINS","13010"
"59138d8c03205749cd051b66","Microrregião Conselheiro Lafaiete",0.399840659838334,"2020-05-14","CONSELHEIRO LAFAIETE","CONSELHEIRO LAFAIETE","31034"
"5913911c03205749cd161154","Microrregião de Jundiaí",0.416788079325915,"2020-05-14","JUNDIAÍ","JUNDIAÍ","35047"
"5913914803205749cd16e407","Microrregião de Pindaré",0.46299887311049,"2020-05-14","PINDARÉ","PINDARÉ","21008"
"5913914803205749cd16e495","Microrregião de Chapadinha",0.447266822175538,"2020-05-14","CHAPADINHA","CHAPADINHA","21014"
"5913913403205749cd168614","Microrregião de Quirinópolis",0.370917171447716,"2020-05-14","QUIRINÓPOLIS","QUIRINÓPOLIS","52018"
"5913913403205749cd16879e","Microrregião de Ceres",0.382789464775639,"2020-05-14","CERES","CERES","52006"
"5913913403205749cd16860c","Microrregião de Goiânia",0.368722821120377,"2020-05-14","GOIÂNIA","GOIÂNIA","52010"
"5913911903205749cd1603e4","Microrregião de Campinas",0.404301518353668,"2020-05-14","CAMPINAS","CAMPINAS","35032"
"5913910903205749cd15b1e2","Microrregião Campo Mourão",0.368639426174794,"2020-05-14","CAMPO MOURÃO","CAMPO MOURÃO","41005"
"5913915403205749cd172a87","Microrregião de Iguatu",0.44899386417406,"2020-05-14","IGUATU","IGUATU","23026"
"5913910e03205749cd15cad4","Microrregião de Irati",0.420447616022375,"2020-05-14","IRATI","IRATI","41032"
"591390be03205749cd142ac7","Microrregião de Itaberaba",0.37098409972282,"2020-05-14","ITABERABA","ITABERABA","29011"
"59138d8303205749cd04f82a","Microrregião Santo Antônio de Pádua",0.453180391274386,"2020-05-14","SANTO ANTÔNIO DE PÁDUA","SANTO ANTÔNIO DE PÁDUA","33002"
"591390d203205749cd1490ca","Microrregião de Serrinha",0.378430639490967,"2020-05-14","SERRINHA","SERRINHA","29016"
"5913913a03205749cd16aba5","Microrregião de Aragarcas",0.391450573510298,"2020-05-14","ARAGARÇAS","ARAGARÇAS","52003"
NA,NA,NA,NA,"CAXIAS","CAXIAS","21017"
"5913910c03205749cd15be13","Microrregião de Guarapuava",0.403731485074169,"2020-05-14","GUARAPUAVA","GUARAPUAVA","41029"
"591390ad03205749cd13d178","Microrregião de Patos",0.460283499372155,"2020-05-14","PATOS","PATOS","25004"
"59138b8703205749cdfccad8","Microrregião das Serras de Sudeste",0.386646444384693,"2020-05-14","SERRAS DE SUDESTE","SERRAS DE SUDESTE","43032"
"5913912a03205749cd165328","Microrregião de Três Lagoas",0.413828064020644,"2020-05-14","TRÊS LAGOAS","TRÊS LAGOAS","50007"
"5913913403205749cd168779","Microrregião de Anicuns",0.370621785861699,"2020-05-14","ANICUNS","ANICUNS","52009"
"59138d8203205749cd04f353","Microrregião Macaé",0.440591899637863,"2020-05-14","MACAÉ","MACAÉ","33004"
"5913912703205749cd164581","Microrregião de Altamira",0.432376630741191,"2020-05-14","ALTAMIRA","ALTAMIRA","15015"
"5913910e03205749cd15cc60","Microrregião de Rio Negro",0.401970003012048,"2020-05-14","RIO NEGRO","RIO NEGRO","13001"
"5913910e03205749cd15cc60","Microrregião de Rio Negro",0.401970003012048,"2020-05-14","RIO NEGRO","RIO NEGRO","13001"
"5913910e03205749cd15ccdb","Microrregião do Rio Negro",0.478363013530065,"2020-05-14","RIO NEGRO","RIO NEGRO","13001"
"5913910e03205749cd15ccdb","Microrregião do Rio Negro",0.478363013530065,"2020-05-14","RIO NEGRO","RIO NEGRO","13001"
"59138d8c03205749cd051b71","Microrregião Ipatinga",0.378881168714477,"2020-05-14","IPATINGA","IPATINGA","31039"
"5913913003205749cd16749c","Microrregião de Rio Formoso",0.367103604973773,"2020-05-14","RIO FORMOSO","RIO FORMOSO","17004"
"59138d8c03205749cd051b6c","Microrregião Formiga",0.380556444837801,"2020-05-14","FORMIGA","FORMIGA","31044"
"5913910c03205749cd15be10","Microrregião de Pato Branco",0.362463916673144,"2020-05-14","PATO BRANCO","PATO BRANCO","41027"
"59138d8d03205749cd051b8f","Microrregião Pouso Alegre",0.377122806986329,"2020-05-14","POUSO ALEGRE","POUSO ALEGRE","31052"
"5913914803205749cd16e49a","Microrregião de Codó",0.480483582676018,"2020-05-14","CODÓ","CODÓ","21015"
"5913912903205749cd164ffa","Microrregião de Iguatemi",0.380406676065718,"2020-05-14","IGUATEMI","IGUATEMI","50011"
"59138e4203205749cd0866d2","Microrregião de Andradina",0.404923402284918,"2020-05-14","ANDRADINA","ANDRADINA","35016"
"5913911c03205749cd16114c","Microrregião de Capão Bonito",0.418516863509394,"2020-05-14","CAPÃO BONITO","CAPÃO BONITO","35044"
"591390ad03205749cd13d154","Microrregião do Cariri Ocidental",0.423481742072171,"2020-05-14","CARIRI OCIDENTAL","CARIRI OCIDENTAL","25010"
"591390ac03205749cd13cb20","Microrregião do Litoral Norte",0.463879421038069,"2020-05-14","LITORAL NORTE","LITORAL NORTE","25020"
"59138b8a03205749cdfcdb30","Microrregião de Pelotas",0.434603936596717,"2020-05-14","PELOTAS","PELOTAS","43033"
"5913915403205749cd172584","Microrregião o Sertão de Quixeramobim",0.4835580321624,"2020-05-14","SERTÃO DE QUIXERAMOBIM","SERTÃO DE QUIXERAMOBIM","23019"
"5913912b03205749cd1658eb","Microrregião de Rio do Sul",0.36522062670703,"2020-05-14","RIO DO SUL","RIO DO SUL","42011"
"5913910e03205749cd15ccf6","Microrregião de Tefé",0.529112635036989,"2020-05-14","TEFÉ","TEFÉ","13005"
"5913912b03205749cd1658c0","Microrregião de Curitibanos",0.375086501815673,"2020-05-14","CURITIBANOS","CURITIBANOS","42009"
"5913911c03205749cd1610aa","Microrregião de Itapetininga",0.396956740233873,"2020-05-14","ITAPETININGA","ITAPETININGA","35042"
"59138d8c03205749cd051b86","Microrregião Peçanha",0.435275199470125,"2020-05-14","PEÇANHA","PEÇANHA","31036"
"5913910403205749cd1594f0","Microrregião Porto Velho",0.438827112970593,"2020-05-14","PORTO VELHO","PORTO VELHO","11001"
"5913912a03205749cd16534d","Microrregião de Xanxerê",0.377857102077494,"2020-05-14","XANXERÊ","XANXERÊ","42003"
"591390ad03205749cd13d177","Microrregião de Cajazeiras",0.451627684280197,"2020-05-14","CAJAZEIRAS","CAJAZEIRAS","25002"
"59138b8703205749cdfcca46","Microrregião da Campanha Central",0.379653109314154,"2020-05-14","CAMPANHA CENTRAL","CAMPANHA CENTRAL","43030"
"59138d8c03205749cd051b69","Microrregião Curvelo",0.403014193462512,"2020-05-14","CURVELO","CURVELO","31025"
"591390d203205749cd1490c3","Microrregião de Entre Rios",0.399222500578638,"2020-05-14","ENTRE RIOS","ENTRE RIOS","29018"
"5913911103205749cd15db73","Microrregião de Ourinhos",0.386178707870579,"2020-05-14","OURINHOS","OURINHOS","35040"
"5913914803205749cd16e4ae","Microrregião de Porto Franco",0.418421592337785,"2020-05-14","PORTO FRANCO","PORTO FRANCO","21019"
"5913912e03205749cd16681a","Microrregião de Tabuleiro",0.393633775814569,"2020-05-14","TABULEIRO","TABULEIRO","42017"
"59138d8303205749cd04f826","Microrregião Três Rios",0.442250337392188,"2020-05-14","TRÊS RIOS","TRÊS RIOS","33005"
"5913913403205749cd16860f","Microrregião do Vale do Rio dos Bois",0.388940872607744,"2020-05-14","VALE DO RIO DOS BOIS","VALE DO RIO DOS BOIS","52014"
"59138d8303205749cd04f822","Microrregião Cantagalo-Cordeiro",0.471298172891044,"2020-05-14","CANTAGALO-CORDEIRO","CANTAGALO-CORDEIRO","33006"
"5913915303205749cd172392","Microrregião do Médio Curu",0.524550854885424,"2020-05-14","MÉDIO CURU","MÉDIO CURU","23011"
"59138d8d03205749cd051b92","Microrregião São Lourenço",0.413909258493484,"2020-05-14","SÃO LOURENÇO","SÃO LOURENÇO","31054"
"591390be03205749cd1429ef","Microrregião de Jequié",0.407731226814554,"2020-05-14","JEQUIÉ","JEQUIÉ","29024"
"59138b8a03205749cdfcdb65","Microrregião de Restinga Seca",0.398910300293322,"2020-05-14","RESTINGA SECA","RESTINGA SECA","43019"
"59138b8a03205749cdfcdbec","Microrregião de Vacaria",0.41398764075281,"2020-05-14","VACARIA","VACARIA","43015"
"591390ad03205749cd13d144","Microrregião do Brejo Paraibano",0.461804720133531,"2020-05-14","BREJO PARAIBANO","BREJO PARAIBANO","25015"
"5913914803205749cd16e4b0","Microrregião Gerais das Balsas",0.390021691028932,"2020-05-14","GERAIS DE BALSAS","GERAIS DE BALSAS","21020"
"5913915603205749cd1735dd","Microrregião da Chapada do Apodi",0.452225357075239,"2020-05-14","CHAPADA DO APODI","CHAPADA DO APODI","24002"
"59138d8c03205749cd051b78","Microrregião Mantena",0.430598060697119,"2020-05-14","MANTENA","MANTENA","31038"
"5913915403205749cd172579","Microrregião o Sertão de Inhamuns",0.424836658418065,"2020-05-14","SERTÃO DE INHAMUNS","SERTÃO DE INHAMUNS","23020"
"5913915603205749cd1735fd","Microrregião de Umarizal",0.42432078496779,"2020-05-14","UMARIZAL","UMARIZAL","24007"
"5913914c03205749cd16fa5c","Microrregião do Alto Médio Gurguéia",0.402574903410128,"2020-05-14","ALTO MÉDIO GURGUÉIA","ALTO MÉDIO GURGUÉIA","22010"
"59138d8c03205749cd051b5f","Microrregião Barbacena",0.411419444801057,"2020-05-14","BARBACENA","BARBACENA","31059"
"5913914b03205749cd16f431","Microrregião de Batalha",0.422860311646769,"2020-05-14","BATALHA","BATALHA","27004"
"5913911503205749cd15f2ef","Microrregião de Batatais",0.390904265791274,"2020-05-14","BATATAIS","BATATAIS","35015"
"5913915303205749cd172399","Microrregião de Baturité",0.502898270269318,"2020-05-14","BATURITÉ","BATURITÉ","23013"
"59138d8c03205749cd051b7c","Microrregião Juiz de Fora",0.426420427441037,"2020-05-14","JUIZ DE FORA","JUIZ DE FORA","31065"
"5913910f03205749cd15d439","Microrregião de Novo Horizonte",0.372585706982016,"2020-05-14","NOVO HORIZONTE","NOVO HORIZONTE","35008"
"5913912e03205749cd16686b","Microrregião de Araranguá",0.375492141393892,"2020-05-14","ARARANGUÁ","ARARANGUÁ","42020"
"5913915303205749cd172397","Microrregião de Canindé",0.460580462551773,"2020-05-14","CANINDÉ","CANINDÉ","23012"
"5913912e03205749cd166828","Microrregião de Campos de Lages",0.380870848016806,"2020-05-14","CAMPOS DE LAGES","CAMPOS DE LAGES","42010"
"5913912b03205749cd16587f","Microrregião de Joaçaba",0.385673269262646,"2020-05-14","JOAÇABA","JOAÇABA","42004"
"59138b8a03205749cdfcdca2","Microrregião de Soledade",0.381922035289383,"2020-05-14","SOLEDADE","SOLEDADE","43013"
"5913910c03205749cd15be15","Microrregião de Goioerê",0.358977601591983,"2020-05-14","GOIOERÊ","GOIOERÊ","41004"
"5913910e03205749cd15cb0b","Microrregião de Ponta Grossa",0.379588545751708,"2020-05-14","PONTA GROSSA","PONTA GROSSA","41021"
"59138b8a03205749cdfcdb3a","Microrregião de Santa Cruz do Sul",0.379247468918312,"2020-05-14","SANTA CRUZ DO SUL","SANTA CRUZ DO SUL","43020"
"5913910c03205749cd15be0c","Microrregião de Capanema",0.368424284331857,"2020-05-14","CAPANEMA","CAPANEMA","41025"
"591390be03205749cd142ad8","Microrregião de Jacobina",0.401919688541286,"2020-05-14","JACOBINA","JACOBINA","29010"
"5913911103205749cd15d918","Microrregião de Tupã",0.379226618106802,"2020-05-14","TUPÃ","TUPÃ","35037"
"59138b8a03205749cdfcdb1d","Microrregião de Camaquã",0.378550325559671,"2020-05-14","CAMAQUÃ","CAMAQUÃ","43028"
"59138d8c03205749cd051b60","Microrregião Campo Belo",0.339890905125184,"2020-05-14","CAMPO BELO","CAMPO BELO","31045"
"5913910603205749cd159eab","Microrregião Cianorte",0.357577077199028,"2020-05-14","CIANORTE","CIANORTE","41003"
"5913911b03205749cd160f07","Microrregião de Limeira",0.393338803043064,"2020-05-14","LIMEIRA","LIMEIRA","35027"
"591390c003205749cd14341f","Microrregião de Barra",0.375691490984894,"2020-05-14","BARRA","BARRA","29006"
"59138d8d03205749cd051b94","Microrregião Teófilo Otoni",0.391987286333673,"2020-05-14","TEÓFILO OTONI","TEÓFILO OTONI","31015"
"5913910403205749cd159503","Microrregião Ariquemes",0.405590857341045,"2020-05-14","ARIQUEMES","ARIQUEMES","11003"
"59138d8303205749cd04f825","Microrregião Santa Maria Madalena",0.398259011174356,"2020-05-14","SANTA MARIA MADALENA","SANTA MARIA MADALENA","33008"
"59138d8c03205749cd051b75","Microrregião Ituiutaba",0.374239477525598,"2020-05-14","ITUIUTABA","ITUIUTABA","31017"
"5913910e03205749cd15cade","Microrregião de Prudentópolis",0.389720047625693,"2020-05-14","PRUDENTÓPOLIS","PRUDENTÓPOLIS","41031"
"591390ad03205749cd13d13d","Microrregião de Esperança",0.445116931555368,"2020-05-14","ESPERANÇA","ESPERANÇA","25014"
"5913913f03205749cd16c339","Microrregião de Itamaracá",0.484410081402492,"2020-05-14","ITAMARACÁ","ITAMARACÁ","26016"
"5913913403205749cd16860e","Microrregião de Meia Ponte",0.381292525004804,"2020-05-14","MEIA PONTE","MEIA PONTE","52015"
"5913915403205749cd172a8c","Microrregião do Médio Jaguaribe",0.420791701646228,"2020-05-14","MÉDIO JAGUARIBE","MÉDIO JAGUARIBE","23024"
"5913915403205749cd172a14","Microrregião de Várzea Alegre",0.421823878812984,"2020-05-14","VÁRZEA ALEGRE","VÁRZEA ALEGRE","23027"
"5913911103205749cd15dc4b","Microrregião de Lins",0.373737591253658,"2020-05-14","LINS","LINS","35019"
"5913914b03205749cd16f550","Microrregião do Litoral Piauiense",0.446914135755489,"2020-05-14","LITORAL PIAUIENSE","LITORAL PIAUIENSE","22002"
"5913912403205749cd163605","Microrregião de Castanhal",0.503107677227471,"2020-05-14","CASTANHAL","CASTANHAL","15008"
"5913914803205749cd16e4a9","Microrregião das Chapadas do Alto Itapecuru",0.409928742047043,"2020-05-14","CHAPADAS DO ALTO ITAPECURU","CHAPADAS DO ALTO ITAPECURU","21018"
"5913911503205749cd15f2d6","Microrregião de Ituverava",0.42041955844716,"2020-05-14","ITUVERAVA","ITUVERAVA","35011"
"5913911503205749cd15eefa","Microrregião de Jaboticabal",0.377495743649272,"2020-05-14","JABOTICABAL","JABOTICABAL","35013"
"5913910f03205749cd15d437","Microrregião de Nahndeara",0.348351603246231,"2020-05-14","NHANDEARA","NHANDEARA","35007"
"5913915403205749cd172a0f","Microrregião de Brejo Santo",0.429169828164507,"2020-05-14","BREJO SANTO","BREJO SANTO","23033"
"5913912e03205749cd16685f","Microrregião de Florianópolis",0.398751787666075,"2020-05-14","FLORIANÓPOLIS","FLORIANÓPOLIS","42016"
"5913914803205749cd16e491","Microrregião de Itapecuru Mirim",0.418268014279502,"2020-05-14","ITAPECURU MIRIM","ITAPECURU MIRIM","21006"
"59138d8c03205749cd051b7e","Microrregião Ouro Preto",0.401906785268025,"2020-05-14","OURO PRETO","OURO PRETO","31033"
"5913910803205749cd15aa24","Microrregião Jacarezinho",0.386732433062016,"2020-05-14","JACAREZINHO","JACAREZINHO","41016"
"59138b8b03205749cdfcdf22","Microrregião de Santa Rosa",0.372108774022691,"2020-05-14","SANTA ROSA","SANTA ROSA","43001"
"5913914303205749cd16cffa","Microrregião do Vale do Ipojuca",0.437020563477134,"2020-05-14","VALE DO IPOJUCA","VALE DO IPOJUCA","26008"
"59138d8c03205749cd051b62","Microrregião Almenara",0.352829760443811,"2020-05-14","ALMENARA","ALMENARA","31014"
"59138b8a03205749cdfcdc62","Microrregião de Carazinho",0.389789890912795,"2020-05-14","CARAZINHO","CARAZINHO","43009"
"5913910403205749cd159523","Microrregião Colorado do Oeste",0.409975482849345,"2020-05-14","COLORADO DO OESTE","COLORADO DO OESTE","11008"
"59138d8c03205749cd051b6b","Microrregião Divinópolis",0.362939166668681,"2020-05-14","DIVINÓPOLIS","DIVINÓPOLIS","31043"
"591390ad03205749cd13d148","Microrregião do Curimataú Oriental",0.442204055066444,"2020-05-14","CURIMATAÚ ORIENTAL","CURIMATAÚ ORIENTAL","25013"
"59138b8b03205749cdfcdf38","Microrregião de Frederico Westphalen",0.407437067957784,"2020-05-14","FREDERICO WESTPHALEN","FREDERICO WESTPHALEN","43003"
"5913912403205749cd1635f1","Microrregião de Furos de Breves",0.56339881673586,"2020-05-14","FUROS DE BREVES","FUROS DE BREVES","15005"
"5913912703205749cd164a10","Microrregião de Marabá",0.424990365508711,"2020-05-14","MARABÁ","MARABÁ","15020"
"5913911503205749cd15f2fb","Microrregião de Ribeirão Preto",0.393681537765468,"2020-05-14","RIBEIRÃO PRETO","RIBEIRÃO PRETO","35014"
"5913914b03205749cd16f554","Microrregião de Teresina",0.444504817738924,"2020-05-14","TERESINA","TERESINA","22003"
"5913912b03205749cd165ac2","Microrregião de Ituporanga",0.366382544404704,"2020-05-14","ITUPORANGA","ITUPORANGA","42014"
"5913913c03205749cd16b2a0","Microrregião de Primavera do Leste",0.377146078763528,"2020-05-14","PRIMAVERA DO LESTE","PRIMAVERA DO LESTE","51019"
"5913913d03205749cd16b4aa","Microrregião de Tangará da Serra",0.405835509242499,"2020-05-14","TANGARÁ DA SERRA","TANGARÁ DA SERRA","51013"
"5913914303205749cd16cfff","Microrregião de Pajeú",0.413115344348693,"2020-05-14","PAJEÚ","PAJEÚ","26003"
"59138b8703205749cdfccb75","Microrregião da Campanha Ocidental",0.375003224097126,"2020-05-14","CAMPANHA OCIDENTAL","CAMPANHA OCIDENTAL","43029"
"5913912e03205749cd16686c","Microrregião de Tubarão",0.380757693150123,"2020-05-14","TUBARÃO","TUBARÃO","42018"
"59138d8d03205749cd051b9a","Microrregião Varginha",0.374683014139561,"2020-05-14","VARGINHA","VARGINHA","31050"
"5913911103205749cd15db6a","Microrregião de Assis",0.407729628458058,"2020-05-14","ASSIS","ASSIS","35039"
"59138d8403205749cd04fb2e","Microrregião Baía da Ilha Grande",0.450042271213691,"2020-05-14","BAÍA DA ILHA GRANDE","BAÍA DA ILHA GRANDE","33013"
"5913912003205749cd1626c3","Microrregião Noroeste de Roraima",0.449877824282807,"2020-05-14","NORDESTE DE RORAIMA","NORDESTE DE RORAIMA","14002"
"5913910803205749cd15aa59","Microrregião Telêmaco Borba",0.399715287668395,"2020-05-14","TELÊMACO BORBA","TELÊMACO BORBA","41019"
"5913910f03205749cd15d435","Microrregião de Votuporanga",0.377068024760431,"2020-05-14","VOTUPORANGA","VOTUPORANGA","35003"
"5913911103205749cd15dc5c","Microrregião de Bauru",0.386233541606717,"2020-05-14","BAURU","BAURU","35020"
"59138d8c03205749cd051b74","Microrregião de Itajubá",0.415975924664021,"2020-05-14","ITAJUBÁ","ITAJUBÁ","31056"
"59138d8c03205749cd051b7b","Microrregião Muriaé",0.405844381031421,"2020-05-14","MURIAÉ","MURIAÉ","31063"
"5913914b03205749cd16f564","Microrregião de Picos",0.412966143187085,"2020-05-14","PICOS","PICOS","22013"
"5913914b03205749cd16f440","Microrregião de Traipú",0.485599804101751,"2020-05-14","TRAIPU","TRAIPU","27007"
"5913914303205749cd16cfee","Microrregião de Vitória de Santo Antão",0.425724131964765,"2020-05-14","VITÓRIA DE SANTO ANTÃO","VITÓRIA DE SANTO ANTÃO","26014"
"5913914403205749cd16d5b0","Microrregião de Petrolina",0.431562343119184,"2020-05-14","PETROLINA","PETROLINA","26005"
"5913911c03205749cd16116a","Microrregião de Registro",0.44957526505504,"2020-05-14","REGISTRO","REGISTRO","35055"
"591390ad03205749cd13d13e","Microrregião de Campina Grande",0.426757447317934,"2020-05-14","CAMPINA GRANDE","CAMPINA GRANDE","25017"
"5913913003205749cd1674a1","Microrregião de Jalapão",0.371380039878572,"2020-05-14","JALAPÃO","JALAPÃO","17007"
"5913912f03205749cd167064","Microrregião de Miracema do Tocantins",0.377757680515113,"2020-05-14","MIRACEMA DO TOCANTINS","MIRACEMA DO TOCANTINS","17003"
"59138d8c03205749cd051b85","Microrregião Patrocínio",0.361386348769011,"2020-05-14","PATROCÍNIO","PATROCÍNIO","31019"
"5913912403205749cd16353b","Microrregião de Portel",0.583564626902408,"2020-05-14","PORTEL","PORTEL","15004"
"591390ad03205749cd13d153","Microrregião do Seridó Ocidental",0.488422025548929,"2020-05-14","SERIDÓ OCIDENTAL","SERIDÓ OCIDENTAL","24011"
"591390ad03205749cd13d153","Microrregião do Seridó Ocidental",0.488422025548929,"2020-05-14","SERIDÓ OCIDENTAL","SERIDÓ OCIDENTAL","24011"
"5913915703205749cd1739f2","Microrregião de Seridó Ocidental",0.410442091800669,"2020-05-14","SERIDÓ OCIDENTAL","SERIDÓ OCIDENTAL","24011"
"5913915703205749cd1739f2","Microrregião de Seridó Ocidental",0.410442091800669,"2020-05-14","SERIDÓ OCIDENTAL","SERIDÓ OCIDENTAL","24011"
"59138b8a03205749cdfcdcb2","Microrregião de Cruz Alta",0.387632075481591,"2020-05-14","CRUZ ALTA","CRUZ ALTA","43011"
"59138b8a03205749cdfcdbd7","Microrregião de Gramado-Canela",0.382586789414664,"2020-05-14","GRAMADO-CANELA","GRAMADO-CANELA","43024"
"59138b8a03205749cdfcd9a1","Microrregião de João Pessoa",0.473853617964184,"2020-05-14","JOÃO PESSOA","JOÃO PESSOA","25022"
"5913915403205749cd172580","Microrregião o Sertão de Cratéus",0.462589974825658,"2020-05-14","SERTÃO DE CRATÉUS","SERTÃO DE CRATÉUS","23018"
"591390ad03205749cd13d17b","Microrregião de Sousa",0.441080588810249,"2020-05-14","SOUSA","SOUSA","25003"
"5913910f03205749cd15d441","Microrregião de Catanduvas",0.36001856121545,"2020-05-14","CATANDUVA","CATANDUVA","35005"
"59138b8a03205749cdfcdb23","Microrregião de Guaporé",0.381439961731423,"2020-05-14","GUAPORÉ","GUAPORÉ","43014"
"59138cf603205749cd02844d","Microrregião Montanha",0.339190971302429,"2020-05-14","MONTANHA","MONTANHA","32004"
"59138d8c03205749cd051b6d","Microrregião Frutal",0.363884638563908,"2020-05-14","FRUTAL","FRUTAL","31021"
"5913912a03205749cd1652d1","Microrregião de Nova Andradina",0.375964761447434,"2020-05-14","NOVA ANDRADINA","NOVA ANDRADINA","50008"
"5913910f03205749cd15d292","Microrregião de Purus",0.500003079637237,"2020-05-14","PURUS","PURUS","13012"
"5913914b03205749cd16f33b","Microrregião de Maceió",0.454281734281294,"2020-05-14","MACEIÓ","MACEIÓ","27011"
"5913913f03205749cd16c337","Microrregião de Recife",0.490109098138656,"2020-05-14","RECIFE","RECIFE","26017"
"5913912703205749cd1649ed","Microrregião de Redenção",0.368855690218104,"2020-05-14","REDENÇÃO","REDENÇÃO","15021"
"591390ad03205749cd13d17f","Microrregião de Itaporanga",0.432627270977319,"2020-05-14","ITAPORANGA","ITAPORANGA","25006"
NA,NA,NA,NA,"JUAZEIRO","JUAZEIRO","29004"
"5913911103205749cd15d90c","Microrregião de Marília",0.387941124887841,"2020-05-14","MARÍLIA","MARÍLIA","35038"
"59138d8c03205749cd051b7f","Microrregião Manhuaçu",0.419844741493823,"2020-05-14","MANHUAÇU","MANHUAÇU","31061"
"5913915603205749cd173603","Microrregião do Vale do Açu",0.407912790583957,"2020-05-14","VALE DO AÇU","VALE DO AÇU","24004"
"5913912903205749cd165089","Microrregião de Aquidauana",0.390675988859036,"2020-05-14","AQUIDAUANA","AQUIDAUANA","50002"
"59138b8a03205749cdfcdbe7","Microrregião de Santiago",0.363479971391497,"2020-05-14","SANTIAGO","SANTIAGO","43017"
"5913910e03205749cd15ccf1","Microrregião de Itacoatiara",0.459398031022296,"2020-05-14","ITACOATIARA","ITACOATIARA","13009"
"5913911c03205749cd16114b","Microrregião de Itapeva",0.433108958993246,"2020-05-14","ITAPEVA","ITAPEVA","35041"
"5913915303205749cd172462","Microrregião de Fortaleza",0.514184636555427,"2020-05-14","FORTALEZA","FORTALEZA","23016"
"5913910403205749cd15950d","Microrregião Guajara-Mirim",0.475038771826088,"2020-05-14","GUAJARÁ-MIRIM","GUAJARÁ-MIRIM","11002"
"59138b8a03205749cdfcdbd8","Microrregião de Osório",0.402444718850495,"2020-05-14","OSÓRIO","OSÓRIO","43027"
"59138d8c03205749cd051b82","Microrregião Passos",0.437150044930627,"2020-05-14","PASSOS","PASSOS","31047"
"5913914c03205749cd16fa58","Microrregião do Alto Parnaíba Piauiense",0.407011273359418,"2020-05-14","ALTO PARNAÍBA PIAUIENSE","ALTO PARNAÍBA PIAUIENSE","22007"
"5913912003205749cd1626be","Microrregião de Boa Vista",0.414373622190755,"2020-05-14","BOA VISTA","BOA VISTA","14001"
"5913915003205749cd17108d","Microrregião de Ipu",0.501865770406329,"2020-05-14","IPU","IPU","23006"
"5913912703205749cd164a12","Microrregião de Paragominas",0.432330744051728,"2020-05-14","PARAGOMINAS","PARAGOMINAS","15017"
"591390ad03205749cd13d175","Microrregião da Serra do Teixeira",0.456931968364989,"2020-05-14","SERRA DO TEIXEIRA","SERRA DO TEIXEIRA","25007"
"591390ad03205749cd13d176","Microrregião de Catolé do Rocha",0.393523926847471,"2020-05-14","CATOLÉ DO ROCHA","CATOLÉ DO ROCHA","25001"
"591390ad03205749cd13d143","Microrregião do Curimataú Ocidental",0.415366403032393,"2020-05-14","CURIMATAÚ OCIDENTAL","CURIMATAÚ OCIDENTAL","25012"
"591390ad03205749cd13d141","Microrregião de Itabaiana",0.45681309339196,"2020-05-14","ITABAIANA","ITABAIANA","25018"
"59138d8d03205749cd051b93","Microrregião São João del-Rei",0.434766727709123,"2020-05-14","SÃO JOÃO DEL REI","SÃO JOÃO DEL REI","31058"
"5913914e03205749cd1708f2","Microrregião de Coreaú",0.477441242538294,"2020-05-14","COREAÚ","COREAÚ","23003"
"59138e1b03205749cd07bb60","Microrregião de Guarulhos",0.430585031386063,"2020-05-14","GUARULHOS","GUARULHOS","35059"
"59138d8c03205749cd051b73","Microrregião Itabira",0.38175821194647,"2020-05-14","ITABIRA","ITABIRA","31031"
"5913915603205749cd1737b5","Microrregião de Macau",0.390946601898091,"2020-05-14","MACAU","MACAU","24008"
"59138d8c03205749cd051b81","Microrregião Pará de Minas",0.357813657847952,"2020-05-14","PARÁ DE MINAS","PARÁ DE MINAS","31029"
"5913914503205749cd16d9e6","Microrregião da Aglomeração Urbana de São Luís",0.508226325692549,"2020-05-14","AGLOMERAÇÃO URBANA DE SÃO LUÍS","AGLOMERAÇÃO URBANA DE SÃO LUÍS","21002"
"5913912e03205749cd166866","Microrregião de Criciúma",0.37095203103359,"2020-05-14","CRICIÚMA","CRICIÚMA","42019"
"5913914b03205749cd16f558","Microrregião do Médio Parnaíba Piauiense",0.435721594880135,"2020-05-14","MÉDIO PARNAÍBA PIAUIENSE","MÉDIO PARNAÍBA PIAUIENSE","22005"
"5913914303205749cd16cff5","Microrregião do Alto Capibaribe",0.440102466057494,"2020-05-14","ALTO CAPIBARIBE","ALTO CAPIBARIBE","26009"
"5913914c03205749cd16fa56","Microrregião de Bertolínia",0.39175578205611,"2020-05-14","BERTOLÍNIA","BERTOLÍNIA","22008"
"5913911503205749cd15f2db","Microrregião de Franca",0.380473995542495,"2020-05-14","FRANCA","FRANCA","35012"
"59138b8703205749cdfccca0","Microrregião de Não-Me-Toque",0.359039387124533,"2020-05-14","NÃO-ME-TOQUE","NÃO-ME-TOQUE","43012"
"59138b8a03205749cdfcdc67","Microrregião de Passo Fundo",0.410397887776662,"2020-05-14","PASSO FUNDO","PASSO FUNDO","43010"
"5913914503205749cd16d9e7","Microrregião de Rosário",0.401242010015731,"2020-05-14","ROSÁRIO","ROSÁRIO","21003"
"5913912003205749cd162701","Microrregião Sudeste de Roraima",0.381582163862395,"2020-05-14","SUDESTE DE RORAIMA","SUDESTE DE RORAIMA","14004"
"5913913403205749cd168799","Microrregião de Anápolis",0.35937382920833,"2020-05-14","ANÁPOLIS","ANÁPOLIS","52007"
"5913912803205749cd164bab","Microrregião de Guamá",0.499179357360201,"2020-05-14","GUAMÁ","GUAMÁ","15013"
"59138b4a03205749cdfc1269","Microrregião de Montenegro",0.367121303455789,"2020-05-14","MONTENEGRO","MONTENEGRO","43023"
"5913913c03205749cd16b28f","Microrregião do Médio Araguaia",0.431617508444889,"2020-05-14","MÉDIO ARAGUAIA","MÉDIO ARAGUAIA","51011"
"591390be03205749cd142acf","Microrregião de Irecê",0.406844167401127,"2020-05-14","IRECÊ","IRECÊ","29009"
"5913914503205749cd16d9da","Microrregião do Litoral Ocidental Maranhense",0.468291561116201,"2020-05-14","LITORAL OCIDENTAL MARANHENSE","LITORAL OCIDENTAL MARANHENSE","21001"
"5913914e03205749cd170926","Microrregião de Meruoca",0.500003079637237,"2020-05-14","MERUOCA","MERUOCA","23004"
"59138b8b03205749cdfcdf24","Microrregião de Três Passos",0.386646444384693,"2020-05-14","TRÊS PASSOS","TRÊS PASSOS","43002"
"591390cd03205749cd1478d2","Microrregião de Barreiras",0.365283524660914,"2020-05-14","BARREIRAS","BARREIRAS","29001"
"5913914303205749cd16cffb","Microrregião do Vale do Ipanema",0.440787461797059,"2020-05-14","VALE DO IPANEMA","VALE DO IPANEMA","26007"
"59138d8403205749cd04fb00","Microrregião Vale do Paraíba Fluminense",0.421766474263443,"2020-05-14","VALE DO PARAÍBA FLUMINENSE","VALE DO PARAÍBA FLUMINENSE","33011"
"5913914303205749cd16cff0","Microrregião do Médio Capibaribe",0.444086944789551,"2020-05-14","MÉDIO CAPIBARIBE","MÉDIO CAPIBARIBE","26010"
"5913914503205749cd16da11","Microrregião da Baixada Maranhense",0.455272354042745,"2020-05-14","BAIXADA MARANHENSE","BAIXADA MARANHENSE","21005"
"5913912903205749cd165018","Microrregião de Bodoquena",0.446077343856344,"2020-05-14","BODOQUENA","BODOQUENA","50009"
"5913914803205749cd16e494","Microrregião de Coelho Neto",0.454809444635647,"2020-05-14","COELHO NETO","COELHO NETO","21016"
"59138d8c03205749cd051b5e","Microrregião Bocaiúva",0.374267312416065,"2020-05-14","BOCAIÚVA","BOCAIÚVA","31009"
"5913914303205749cd16cff7","Microrregião do Brejo Pernanbucano",0.434099621681881,"2020-05-14","BREJO PERNAMBUCANO","BREJO PERNAMBUCANO","26012"
"5913913f03205749cd16c336","Microrregião de Suape",0.462723984775263,"2020-05-14","SUAPE","SUAPE","26018"
"5913915703205749cd173afa","Microrregião do Agreste Potiguar",0.420412682846836,"2020-05-14","AGRESTE POTIGUAR","AGRESTE POTIGUAR","24015"
"5913912f03205749cd167060","Microrregião de Araguaína",0.398450401968625,"2020-05-14","ARAGUAÍNA","ARAGUAÍNA","17002"
"5913915703205749cd173b25","Microrregião de Macaíba",0.408274170580437,"2020-05-14","MACAÍBA","MACAÍBA","24017"
"5913914303205749cd16cfef","Microrregião da Mata Setentrional Pernanbucana",0.444808074887431,"2020-05-14","MATA SETENTRIONAL PERNAMBUCANA","MATA SETENTRIONAL PERNAMBUCANA","26013"
"5913910e03205749cd15cc94","Microrregião de Paranaguá",0.436666228099905,"2020-05-14","PARANAGUÁ","PARANAGUÁ","41038"
"5913910603205749cd159e81","Microrregião Paranavaí",0.364461067605791,"2020-05-14","PARANAVAÍ","PARANAVAÍ","41001"
"59138d8d03205749cd051b97","Microrregião Ubá",0.397841591938988,"2020-05-14","UBÁ","UBÁ","31064"
NA,NA,NA,NA,"FERNANDO DE NORONHA","FERNANDO DE NORONHA","26019"
"59138d8d03205749cd051b99","Microrregião Unaí",0.387099984310685,"2020-05-14","UNAÍ","UNAÍ","31001"
"5913914303205749cd16cff9","Microrregião de Garanhuns",0.422132605956299,"2020-05-14","GARANHUNS","GARANHUNS","26011"
"5913914803205749cd16e4a5","Microrregião de Presidente Dutra",0.45017164950377,"2020-05-14","PRESIDENTE DUTRA","PRESIDENTE DUTRA","21012"
"591390d103205749cd148ec8","Microrregião de Porto Seguro",0.392443867955583,"2020-05-14","PORTO SEGURO","PORTO SEGURO","29032"
"5913914b03205749cd16f42f","Microrregião de Arapiraca",0.396864576338928,"2020-05-14","ARAPIRACA","ARAPIRACA","27006"
"591390d203205749cd1490c4","Microrregião de Jeremoabo",0.42069709941848,"2020-05-14","JEREMOABO","JEREMOABO","29013"
"5913910f03205749cd15d43d","Microrregião de São José do Rio Preto",0.364412345092196,"2020-05-14","SÃO JOSÉ DO RIO PRETO","SÃO JOSÉ DO RIO PRETO","35004"
"59138b8703205749cdfccadc","Microrregião da Campanha Meridional",0.390852158371781,"2020-05-14","CAMPANHA MERIDIONAL","CAMPANHA MERIDIONAL","43031"
"5913913d03205749cd16b729","Microrregião de Campos do Jordão",0.413446426339963,"2020-05-14","CAMPOS DO JORDÃO","CAMPOS DO JORDÃO","35049"
"59138d8c03205749cd051b7d","Microrregião Oliveira",0.354307883775915,"2020-05-14","OLIVEIRA","OLIVEIRA","31046"
"5913913b03205749cd16abf4","Microrregião de Porangatu",0.39462880528096,"2020-05-14","PORANGATU","PORANGATU","52004"
"591390d103205749cd148ebd","Microrregião de Valença",0.441793059689093,"2020-05-14","VALENÇA","VALENÇA","29030"
"591390d203205749cd1490c1","Microrregião de Alagoinhas",0.41213678718123,"2020-05-14","ALAGOINHAS","ALAGOINHAS","29017"
"59138b3303205749cdfbcdc0","Microrregião de Caxias do Sul",0.365494498034799,"2020-05-14","CAXIAS DO SUL","CAXIAS DO SUL","43016"
"591390d103205749cd1489c6","Microrregião de Senhor do Bonfim",0.409327039612438,"2020-05-14","SENHOR DO BONFIM","SENHOR DO BONFIM","29008"
"5913911e03205749cd1621af","Microrregião de Guaratinguetá",0.430660094082139,"2020-05-14","GUARATINGUETÁ","GUARATINGUETÁ","35051"
"59138d8603205749cd050226","Microrregião Rio de Janeiro",0.477702140276129,"2020-05-14","RIO DE JANEIRO","RIO DE JANEIRO","33018"
"5913912b03205749cd165abe","Microrregião de Tijucas",0.386202633119505,"2020-05-14","TIJUCAS","TIJUCAS","42015"
"5913913b03205749cd16af96","Microrregião do Entorno de Brasília",0.380400801686604,"2020-05-14","ENTORNO DE BRASÍLIA","ENTORNO DE BRASÍLIA","52012"
"5913910603205749cd15a05f","Microrregião Maringá",0.36106209901835,"2020-05-14","MARINGÁ","MARINGÁ","41009"
"5913911e03205749cd1621a9","Microrregião de Paraibuna/Paraitinga",0.424357410601893,"2020-05-14","PARAIBUNA/PARAITINGA","PARAIBUNA/PARAITINGA","35053"
"59138cf603205749cd02843d","Microrregião São Mateus",0.40996081081597,"2020-05-14","SÃO MATEUS","SÃO MATEUS","32005"
"5913913c03205749cd16b293","Microrregião de Canarana",0.37908333807618,"2020-05-14","CANARANA","CANARANA","51010"
"5913911d03205749cd1619f1","Microrregião de Mogi das Cruzes",0.440268543653649,"2020-05-14","MOGI DAS CRUZES","MOGI DAS CRUZES","35062"
"5913912803205749cd164b7a","Microrregião de Tomé-Açu",0.473179076302449,"2020-05-14","TOMÉ-AÇU","TOMÉ-AÇU","15012"
"59138cf603205749cd028420","Microrregião Cachoeiro de Itapemirim",0.379764096198925,"2020-05-14","CACHOEIRO DE ITAPEMIRIM","CACHOEIRO DE ITAPEMIRIM","32012"
"59138d8c03205749cd051b6f","Microrregião Grão Mogol",0.3989930953624,"2020-05-14","GRÃO MOGOL","GRÃO MOGOL","31008"
"5913911c03205749cd16116d","Microrregião de Itanhaém",0.482447661699714,"2020-05-14","ITANHAÉM","ITANHAÉM","35056"
"59138d8d03205749cd051b98","Microrregião Uberaba",0.386885989737993,"2020-05-14","UBERABA","UBERABA","31022"
"5913915303205749cd17238f","Microrregião de Baixo Curu",0.463668488519587,"2020-05-14","BAIXO CURU","BAIXO CURU","23009"
"5913914b03205749cd16f423","Microrregião do Litoral Norte Alagoano",0.465550311115469,"2020-05-14","LITORAL NORTE ALAGOANO","LITORAL NORTE ALAGOANO","27010"
"5913915303205749cd172395","Microrregião de Chorozinho",0.508980430698666,"2020-05-14","CHOROZINHO","CHOROZINHO","23014"
"5913912703205749cd16456d","Microrregião de Itaituba",0.426906480320927,"2020-05-14","ITAITUBA","ITAITUBA","15014"
"59138cf603205749cd02844c","Microrregião Novo Venécia",0.395939770763408,"2020-05-14","NOVA VENÉCIA","NOVA VENÉCIA","32002"
"59138d8d03205749cd051b9b","Microrregião Uberlândia",0.377181989216813,"2020-05-14","UBERLÂNDIA","UBERLÂNDIA","31018"
"59138cf603205749cd0282c1","Microrregião Guarapari",0.391951376653004,"2020-05-14","GUARAPARI","GUARAPARI","32010"
"5913910603205749cd159ea9","Microrregião Umuarama",0.360193841168721,"2020-05-14","UMUARAMA","UMUARAMA","41002"
"5913915403205749cd172984","Microrregião de Cariri",0.461680898483532,"2020-05-14","CARIRI","CARIRI","23032"
"59138cf603205749cd0282c7","Microrregião Afonso Cláudio",0.380461233056586,"2020-05-14","AFONSO CLÁUDIO","AFONSO CLÁUDIO","32007"
"59138b8703205749cdfcca2c","Microrregião do Litoral Lagunar",0.453984725456804,"2020-05-14","LITORAL LAGUNAR","LITORAL LAGUNAR","43035"
"59138e2803205749cd07f89d","Microrregião de Dracena",0.371538188796676,"2020-05-14","DRACENA","DRACENA","35034"
"591390bc03205749cd142630","Microrregião de Guanambi",0.37537966298892,"2020-05-14","GUANAMBI","GUANAMBI","29026"
"5913910e03205749cd15ccfc","Microrregião de Juruá",0.453274161678317,"2020-05-14","JURUÁ","JURUÁ","13004"
"5913915703205749cd173b09","Microrregião do Litoral Nordeste",0.435770432276524,"2020-05-14","LITORAL NORDESTE","LITORAL NORDESTE","24016"
"5913912303205749cd162fa1","Microrregião de Mazagão",0.53516598925744,"2020-05-14","MAZAGÃO","MAZAGÃO","16004"
"5913915703205749cd1739fa","Microrregião de Seridó Oriental",0.388594446965496,"2020-05-14","SERIDÓ ORIENTAL","SERIDÓ ORIENTAL","24012"
"5913915703205749cd1739fa","Microrregião de Seridó Oriental",0.388594446965496,"2020-05-14","SERIDÓ ORIENTAL","SERIDÓ ORIENTAL","24012"
"591390ad03205749cd13d156","Microrregião do Seridó Oriental",0.455302124784527,"2020-05-14","SERIDÓ ORIENTAL","SERIDÓ ORIENTAL","24012"
"591390ad03205749cd13d156","Microrregião do Seridó Oriental",0.455302124784527,"2020-05-14","SERIDÓ ORIENTAL","SERIDÓ ORIENTAL","24012"
"5913910e03205749cd15cb02","Microrregião de São Mateus do Sul",0.441967432422186,"2020-05-14","SÃO MATEUS DO SUL","SÃO MATEUS DO SUL","41034"
"5913912803205749cd164ccb","Microrregião de Bragantina",0.491293412283475,"2020-05-14","BRAGANTINA","BRAGANTINA","15010"
"5913910e03205749cd15cc8a","Microrregião de Cerro Azul",0.423583953979527,"2020-05-14","CERRO AZUL","CERRO AZUL","41035"
"59138cf603205749cd02842d","Microrregião Itapemirim",0.416669842610496,"2020-05-14","ITAPEMIRIM","ITAPEMIRIM","32013"
"5913912803205749cd164b6f","Microrregião de Cametá",0.538012584002721,"2020-05-14","CAMETÁ","CAMETÁ","15011"
"591390ad03205749cd13d155","Microrregião do Cariri Oriental",0.398737373883223,"2020-05-14","CARIRI ORIENTAL","CARIRI ORIENTAL","25011"
"59138d8d03205749cd051b9c","Microrregião Viçosa",0.441000095943838,"2020-05-14","VIÇOSA","VIÇOSA","31062"
"59138e4203205749cd0866e5","Microrregião de Birigui",0.367991484770206,"2020-05-14","BIRIGUI","BIRIGUI","35018"
"59138d8d03205749cd051b8b","Microrregião Piui",0.384845732407371,"2020-05-14","PIUÍ","PIUÍ","31042"
"5913913a03205749cd16abe3","Microrregião de São Miguel do Araguaia",0.418607824866932,"2020-05-14","SÃO MIGUEL DO ARAGUAIA","SÃO MIGUEL DO ARAGUAIA","52001"
"59138d8c03205749cd051b65","Microrregião Cataguases",0.44210840970287,"2020-05-14","CATAGUASES","CATAGUASES","31066"
"5913910c03205749cd15be12","Microrregião de Francisco Beltrão",0.373806751928227,"2020-05-14","FRANCISCO BELTRÃO","FRANCISCO BELTRÃO","41026"
"5913914b03205749cd16f551","Microrregião do Baixo Parnaíba Piauiense",0.456194457936992,"2020-05-14","BAIXO PARNAÍBA PIAUIENSE","BAIXO PARNAÍBA PIAUIENSE","22001"
"59138d8c03205749cd051b79","Microrregião Montes Claros",0.362463296185236,"2020-05-14","MONTES CLAROS","MONTES CLAROS","31007"
"59138cf603205749cd0282c6","Microrregião Santa Teresa",0.405831809608758,"2020-05-14","SANTA TERESA","SANTA TERESA","32008"
"59138d8c03205749cd051b56","Microrregião Aimorés",0.418046376386033,"2020-05-14","AIMORÉS","AIMORÉS","31041"
"5913915403205749cd172a8f","Microrregião do Litoral de Aracati",0.47716241505486,"2020-05-14","LITORAL DE ARACATI","LITORAL DE ARACATI","23022"
"5913912a03205749cd165236","Microrregião de Alto Taquari",0.368521750106157,"2020-05-14","ALTO TAQUARI","ALTO TAQUARI","50003"
"5913912703205749cd164992","Microrregião de Conceição do Araguaia",0.366288353835745,"2020-05-14","CONCEIÇÃO DO ARAGUAIA","CONCEIÇÃO DO ARAGUAIA","15022"
"5913910803205749cd15aa16","Microrregião de Cornélio Procópio",0.371783312401167,"2020-05-14","CORNÉLIO PROCÓPIO","CORNÉLIO PROCÓPIO","41015"
"5913913003205749cd1674a8","Microrregião de Dianópolis",0.374219876748173,"2020-05-14","DIANÓPOLIS","DIANÓPOLIS","17008"
"5913915303205749cd172390","Microrregião de Itapipoca",0.510258668921058,"2020-05-14","ITAPIPOCA","ITAPIPOCA","23008"
"59138d8c03205749cd051b83","Microrregião Paracatu",0.390941341024837,"2020-05-14","PARACATU","PARACATU","31002"
"5913910603205749cd15a06f","Microrregião Apucarana",0.345508876160695,"2020-05-14","APUCARANA","APUCARANA","41010"
"5913915403205749cd172a0a","Microrregião de Barro",0.446760547093331,"2020-05-14","BARRO","BARRO","23031"
"5913914803205749cd16e4ab","Microrregião da Chapada das Mangabeiras",0.41394976662446,"2020-05-14","CHAPADAS DAS MANGABEIRAS","CHAPADAS DAS MANGABEIRAS","21021"
"59138d8d03205749cd051b95","Microrregião São Sebastiao do Paraíso",0.379035477501645,"2020-05-14","SÃO SEBASTIÃO DO PARAÍSO","SÃO SEBASTIÃO DO PARAÍSO","31048"
"5913912703205749cd164a0f","Microrregião de Tucuruí",0.448354787677807,"2020-05-14","TUCURUÍ","TUCURUÍ","15016"
"5913911c03205749cd16167b","Microrregião Itapecerica da Serra",0.442152772167755,"2020-05-14","ITAPECERICA DA SERRA","ITAPECERICA DA SERRA","35060"
"5913910f03205749cd15d413","Microrregião de Jales",0.353996464532105,"2020-05-14","JALES","JALES","35001"
"5913913a03205749cd16abdd","Microrregião de Rio Vermelho",0.384406249807182,"2020-05-14","RIO VERMELHO","RIO VERMELHO","52002"
"59138d8d03205749cd051b90","Microrregião de Santa Rita do Sapucaí",0.368424284331857,"2020-05-14","SANTA RITA DO SAPUCAÍ","SANTA RITA DO SAPUCAÍ","31053"
"5913911503205749cd15ee1c","Microrregião de Araraquara",0.399470465172658,"2020-05-14","ARARAQUARA","ARARAQUARA","35024"
"5913913b03205749cd16af6c","Microrregião do Vão do Paraná",0.328586680925064,"2020-05-14","VÃO DO PARANÃ","VÃO DO PARANÃ","52011"
"5913910f03205749cd15d414","Microrregião de Auriflama",0.356767170901619,"2020-05-14","AURIFLAMA","AURIFLAMA","35006"
"5913913d03205749cd16b4ad","Microrregião de Jauru",0.433551543530752,"2020-05-14","JAURU","JAURU","51014"
"5913915303205749cd172452","Microrregião de Pacajus",0.511333688274226,"2020-05-14","PACAJUS","PACAJUS","23017"
"5913910703205749cd15a3a5","Microrregião de Assaí",0.373629599310971,"2020-05-14","ASSAÍ","ASSAÍ","41014"
"5913910e03205749cd15cb16","Microrregião de Lapa",0.391648113477141,"2020-05-14","LAPA","LAPA","41036"
"591390bc03205749cd14262f","Microrregião de Seabra",0.411494766370298,"2020-05-14","SEABRA","SEABRA","29023"
"59138d8303205749cd04f858","Microrregião Lagos",0.45426635942912,"2020-05-14","LAGOS","LAGOS","33010"
"5913914203205749cd16ccb8","Microrregião da Mata Meridional Pernanbucana",0.456161501767346,"2020-05-14","MATA MERIDIONAL PERNAMBUCANA","MATA MERIDIONAL PERNAMBUCANA","26015"
"5913912303205749cd1631a9","Microrregião de Santarém",0.413896356055547,"2020-05-14","SANTARÉM","SANTARÉM","15002"
"5913911903205749cd1603d9","Microrregião de Amparo",0.389185802257228,"2020-05-14","AMPARO","AMPARO","35033"
"5913913d03205749cd16b717","Microrregião de Arinos",0.371083368000049,"2020-05-14","ARINOS","ARINOS","51005"
"59138d8c03205749cd051b72","Microrregião Itaguara",0.371249816241963,"2020-05-14","ITAGUARA","ITAGUARA","31032"
"5913913d03205749cd16b719","Microrregião de Colíder",0.381787944867012,"2020-05-14","COLÍDER","COLÍDER","51003"
"5913911c03205749cd161171","Microrregião de Osasco",0.445031132348951,"2020-05-14","OSASCO","OSASCO","35057"
"5913913d03205749cd16b712","Microrregião de Parecis",0.377372549331372,"2020-05-14","PARECIS","PARECIS","51004"
"59138d8503205749cd04ff05","Microrregião Vassouras",0.452602522796339,"2020-05-14","VASSOURAS","VASSOURAS","33014"
"59138e4203205749cd0866db","Microrregião de Araçatuba",0.368830554906343,"2020-05-14","ARAÇATUBA","ARAÇATUBA","35017"
"5913913d03205749cd16b714","Microrregião de Aripuanã",0.421356840689217,"2020-05-14","ARIPUANÃ","ARIPUANÃ","51001"
"59138d8c03205749cd051b7a","Microrregião Lavras",0.393055506122825,"2020-05-14","LAVRAS","LAVRAS","31057"
"5913915603205749cd173601","Microrregião de Serra de São Miguel",0.467357069255627,"2020-05-14","SERRA DE SÃO MIGUEL","SERRA DE SÃO MIGUEL","24005"
"5913912403205749cd1635f3","Microrregião de Arari",0.507356012316067,"2020-05-14","ARARI","ARARI","15006"
"5913910303205749cd1590de","Microrregião de Cruzeiro do Sul",0.502293153326522,"2020-05-14","CRUZEIRO DO SUL","CRUZEIRO DO SUL","12001"
"5913911b03205749cd160f15","Microrregião de Piracicaba",0.380338623604794,"2020-05-14","PIRACICABA","PIRACICABA","35028"
"59138d8d03205749cd051b8c","Microrregião Ponte Nova",0.429119499763251,"2020-05-14","PONTE NOVA","PONTE NOVA","31060"
"5913913d03205749cd16b479","Microrregião de Rosário Oeste",0.380570019283123,"2020-05-14","ROSÁRIO OESTE","ROSÁRIO OESTE","51016"
"5913914403205749cd16d5d6","Microrregião de Itaparica",0.437984661326119,"2020-05-14","ITAPARICA","ITAPARICA","26006"
"59138cf603205749cd028437","Microrregião Linhares",0.374827019056895,"2020-05-14","LINHARES","LINHARES","32006"
"5913913c03205749cd16b28d","Microrregião do Norte Araguaia",0.403403500394492,"2020-05-14","NORTE ARAGUAIA","NORTE ARAGUAIA","51009"
"59138d8303205749cd04f824","Microrregião Nova Friburgo",0.443675816754391,"2020-05-14","NOVA FRIBURGO","NOVA FRIBURGO","33007"
"5913910a03205749cd15b1ea","Microrregião Toledo",0.376181457525524,"2020-05-14","TOLEDO","TOLEDO","41022"
"59138e2803205749cd07f8a4","Microrregião de Adamantina",0.378709900770877,"2020-05-14","ADAMANTINA","ADAMANTINA","35035"
"5913914803205749cd16e4a3","Microrregião do Médio Mearim",0.458689325597429,"2020-05-14","MÉDIO MEARIM","MÉDIO MEARIM","21010"
"59138d8d03205749cd051b87","Microrregião Patos de Minas",0.396234355339617,"2020-05-14","PATOS DE MINAS","PATOS DE MINAS","31020"
"5913913c03205749cd16b295","Microrregião de Rondonópolis",0.374786961371278,"2020-05-14","RONDONÓPOLIS","RONDONÓPOLIS","51021"
"5913914403205749cd16d5d1","Microrregião de Salgueiro",0.43641587058024,"2020-05-14","SALGUEIRO","SALGUEIRO","26002"
"5913910e03205749cd15ccf5","Microrregião de Coari",0.506768139469666,"2020-05-14","COARI","COARI","13006"
"5913910303205749cd1590e2","Microrregião de Rio Branco",0.511420883254954,"2020-05-14","RIO BRANCO","RIO BRANCO","12004"
"5913913c03205749cd16b292","Microrregião de Tesouro",0.395942286192677,"2020-05-14","TESOURO","TESOURO","51020"
"5913913d03205749cd16b477","Microrregião do Alto Pantanal",0.38807660348389,"2020-05-14","ALTO PANTANAL","ALTO PANTANAL","51018"
"5913915703205749cd1739ef","Microrregião de Angicos",0.4064418195549,"2020-05-14","ANGICOS","ANGICOS","24009"
"591390cd03205749cd147753","Microrregião de Itapetinga",0.386141825085848,"2020-05-14","ITAPETINGA","ITAPETINGA","29029"
"591390be03205749cd1429f8","Microrregião de Vitória da Conquista",0.399268207020122,"2020-05-14","VITÓRIA DA CONQUISTA","VITÓRIA DA CONQUISTA","29028"
"5913913d03205749cd16b4b1","Microrregião de Alto Guaporé",0.419006288508442,"2020-05-14","ALTO GUAPORÉ","ALTO GUAPORÉ","51012"
"5913910403205749cd15950c","Microrregião Alvorada d'Oeste",0.478408420208381,"2020-05-14","ALVORADA D'OESTE","ALVORADA D'OESTE","11005"
"5913913d03205749cd16b713","Microrregião de Alta Floresta",0.426054725477822,"2020-05-14","ALTA FLORESTA","ALTA FLORESTA","51002"
"5913910e03205749cd15cd08","Microrregião do Alto Solimões",0.514655077356225,"2020-05-14","ALTO SOLIMÕES","ALTO SOLIMÕES","13003"
"59138b8703205749cdfcca10","Microrregião de Jaguarão",0.413738522715083,"2020-05-14","JAGUARÃO","JAGUARÃO","43034"
"5913913d03205749cd16b718","Microrregião de Alto Teles Pires",0.381466362942434,"2020-05-14","ALTO TELES PIRES","ALTO TELES PIRES","51006"
"59138d8303205749cd04f82b","Microrregião Bacia de São João",0.455401268398998,"2020-05-14","BACIA DE SÃO JOÃO","BACIA DE SÃO JOÃO","33009"
"5913914b03205749cd16f57a","Microrregião de Pio IX",0.418922092259868,"2020-05-14","PIO IX","PIO IX","22014"
"5913914b03205749cd16f433","Microrregião de Santana do Ipanema",0.417944051127724,"2020-05-14","SANTANA DO IPANEMA","SANTANA DO IPANEMA","27003"
"5913913d03205749cd16b71e","Microrregião de Sinop",0.377005275171485,"2020-05-14","SINOP","SINOP","51007"
"5913910403205749cd159528","Microrregião Vilhena",0.407735145032371,"2020-05-14","VILHENA","VILHENA","11007"
"5913913b03205749cd16ae59","Microrregião da Chapada dos Veadeiros",0.404406434612355,"2020-05-14","CHAPADA DOS VEADEIROS","CHAPADA DOS VEADEIROS","52005"
"5913915603205749cd1735fe","Microrregião de Pau dos Ferros",0.413903999132451,"2020-05-14","PAU DOS FERROS","PAU DOS FERROS","24006"
"59138b8a03205749cdfcdbdb","Microrregião de Porto Alegre",0.407718983314645,"2020-05-14","PORTO ALEGRE","PORTO ALEGRE","43026"
"5913915303205749cd172396","Microrregião de Uruburetama",0.517799669239558,"2020-05-14","URUBURETAMA","URUBURETAMA","23010"
"5913915703205749cd173afc","Microrregião de Borborema Potiguar",0.399408547725869,"2020-05-14","BORBOREMA POTIGUAR","BORBOREMA POTIGUAR","24014"
"591390bc03205749cd142628","Microrregião de Brumado",0.376615180030233,"2020-05-14","BRUMADO","BRUMADO","29027"
"5913915003205749cd17108a","Microrregião de Quitéria",0.468003116618969,"2020-05-14","VITÓRIA","VITÓRIA","32009"
"5913914b03205749cd16f439","Microrregião de Serrana do Sertão Alagoano",0.439272556215009,"2020-05-14","SERRANA DO SERTÃO ALAGOANO","SERRANA DO SERTÃO ALAGOANO","27001"
"59138bf703205749cdfe882f","Microrregião de Sapé",0.460285700106125,"2020-05-14","SAPÉ","SAPÉ","25021"
"5913913c03205749cd16b29c","Microrregião do Alto Araguaia",0.289355174930753,"2020-05-14","ALTO ARAGUAIA","ALTO ARAGUAIA","51022"
"59138b8b03205749cdfcdf34","Microrregião de Cerro Largo",0.332133237540048,"2020-05-14","CERRO LARGO","CERRO LARGO","43006"
"591390bc03205749cd142629","Microrregião de Livramento do Brumado",0.394443969333344,"2020-05-14","LIVRAMENTO DO BRUMADO","LIVRAMENTO DO BRUMADO","29025"
"5913910f03205749cd15d3df","Microrregião de Madeira",0.432246148596803,"2020-05-14","MADEIRA","MADEIRA","13013"
"5913912303205749cd162fa4","Microrregião de Amapá",0.55918668470929,"2020-05-14","AMAPÁ","AMAPÁ","16002"
"5913912903205749cd165099","Microrregião do Baixo Pantanal",0.397477195152629,"2020-05-14","BAIXO PANTANAL","BAIXO PANTANAL","50001"
"5913914e03205749cd170724","Microrregião de Ibiapaba",0.467934077704508,"2020-05-14","IBIAPABA","IBIAPABA","23002"
"59138bf803205749cdfe8901","Microrregião do Litoral Sul",0.452643536716759,"2020-05-14","LITORAL SUL","LITORAL SUL","24019"
"59138bf803205749cdfe8901","Microrregião do Litoral Sul",0.452643536716759,"2020-05-14","LITORAL SUL","LITORAL SUL","24019"
"59138bf803205749cdfe8901","Microrregião do Litoral Sul",0.452643536716759,"2020-05-14","LITORAL SUL","LITORAL SUL","24019"
"59138bf803205749cdfe8901","Microrregião do Litoral Sul",0.452643536716759,"2020-05-14","LITORAL SUL","LITORAL SUL","24019"
"5913915703205749cd173c6a","Microrregião de Natal",0.438280505634307,"2020-05-14","NATAL","NATAL","24018"
"5913914b03205749cd16f33c","Microrregião de São Miguel dos Campos",0.417173874286061,"2020-05-14","SÃO MIGUEL DOS CAMPOS","SÃO MIGUEL DOS CAMPOS","27012"
"5913910603205749cd15a071","Microrregião Londrina",0.370156058166054,"2020-05-14","LONDRINA","LONDRINA","41011"
"5913914b03205749cd16f42e","Microrregião Palmeira dos Indios",0.41111429347538,"2020-05-14","PALMEIRA DOS ÍNDIOS","PALMEIRA DOS ÍNDIOS","27005"
"591390cd03205749cd1478d1","Microrregião de Cotegipe",0.391537596523067,"2020-05-14","COTEGIPE","COTEGIPE","29002"
"59138d8d03205749cd051b8d","Microrregião Poços de Caldas",0.377503990674567,"2020-05-14","POÇOS DE CALDAS","POÇOS DE CALDAS","31051"
"59138d8c03205749cd051b5d","Microrregião Araxá",0.388350163589281,"2020-05-14","ARAXÁ","ARAXÁ","31023"
"59138b8b03205749cdfcde60","Microrregião de Erechim",0.411826331069449,"2020-05-14","ERECHIM","ERECHIM","43004"
"5913910803205749cd15aa28","Microrregião Ibatí",0.350880444957806,"2020-05-14","IBAITI","IBAITI","41017"
"59138b8a03205749cdfcdbd5","Microrregião de São Jerônimo",0.388033331908085,"2020-05-14","SÃO JERÔNIMO","SÃO JERÔNIMO","43025"
"59138d8d03205749cd051b96","Microrregião Três Marias",0.362609470714962,"2020-05-14","TRÊS MARIAS","TRÊS MARIAS","31024"
"59138cf603205749cd028433","Microrregião Barra de São Francisco",0.402130852320725,"2020-05-14","BARRA DE SÃO FRANCISCO","BARRA DE SÃO FRANCISCO","32001"
"5913914b03205749cd16f557","Microrregião de Campo Maior",0.437379552801057,"2020-05-14","CAMPO MAIOR","CAMPO MAIOR","22004"
"59138d8c03205749cd051b80","Microrregião Nanuque",0.349374090133683,"2020-05-14","NANUQUE","NANUQUE","31016"
"5913914b03205749cd16f336","Microrregião de Penedo",0.439296108357832,"2020-05-14","PENEDO","PENEDO","27013"
"5913911b03205749cd160f0b","Microrregião de São Bento do Sul",0.376686561897781,"2020-05-14","SÃO BENTO DO SUL","SÃO BENTO DO SUL","42007"
"5913914b03205749cd16f42c","Microrregião da Mata Alagoana",0.424918484438886,"2020-05-14","MATA ALAGOANA","MATA ALAGOANA","27009"
"5913910603205749cd15a05e","Microrregião Faxinal",0.362812080838987,"2020-05-14","FAXINAL","FAXINAL","41012"
"59138d8c03205749cd051b67","Microrregião Bom Despacho",0.358459125569758,"2020-05-14","BOM DESPACHO","BOM DESPACHO","31026"
"5913911203205749cd15dd99","Microrregião de Botucatu",0.411142227004197,"2020-05-14","BOTUCATU","BOTUCATU","35023"
"5913915403205749cd172986","Microrregião de Caririaçu",0.476306424558543,"2020-05-14","CARIRIAÇU","CARIRIAÇU","23030"
"5913914b03205749cd16f42b","Microrregião Serrana dos Quilombos",0.446234297555662,"2020-05-14","SERRANA DOS QUILOMBOS","SERRANA DOS QUILOMBOS","27008"
"5913910803205749cd15aa43","Microrregião Wenceslau Braz",0.375896080208126,"2020-05-14","WENCESLAU BRAZ","WENCESLAU BRAZ","41018"
"59138d8c03205749cd051b76","Microrregião Janaúba",0.360116662851328,"2020-05-14","JANAÚBA","JANAÚBA","31004"
"5913915403205749cd172a8e","Microrregião do Baixo Jaguaribe",0.458010352730926,"2020-05-14","BAIXO JAGUARIBE","BAIXO JAGUARIBE","23023"
"59138d8c03205749cd051b63","Microrregião Capelinha",0.389369480319244,"2020-05-14","CAPELINHA","CAPELINHA","31011"
"5913914b03205749cd16f57c","Microrregião do Alto Médio Canindé",0.419511029167885,"2020-05-14","ALTO MÉDIO CANINDÉ","ALTO MÉDIO CANINDÉ","22015"
"5913910603205749cd15a060","Microrregião Porecatú",0.344308723691292,"2020-05-14","PORECATU","PORECATU","41007"
"5913915403205749cd172a8a","Microrregião da Serra do Pereiro",0.442937928195013,"2020-05-14","SERRA DO PEREIRO","SERRA DO PEREIRO","23025"
"59138cf603205749cd0282c8","Microrregião Vitória",0.403512690858909,"2020-05-14","VITÓRIA","VITÓRIA","32009"
"5913912703205749cd1649fe","Microrregião de Parauapebas",0.423829228367437,"2020-05-14","PARAUAPEBAS","PARAUAPEBAS","15019"
"5913911c03205749cd161159","Microrregião de Piedade",0.399686166586024,"2020-05-14","PIEDADE","PIEDADE","35045"
"59138d8d03205749cd051b88","Microrregião Pirapora",0.362103695625863,"2020-05-14","PIRAPORA","PIRAPORA","31006"
"59138b8703205749cdfccbdc","Microrregião de Cachoeira do Sul",0.380838598188679,"2020-05-14","CACHOEIRA DO SUL","CACHOEIRA DO SUL","43022"
"5913915403205749cd17297b","Microrregião da Chapada do Araripe",0.419436371127173,"2020-05-14","CHAPADA DO ARARIPE","CHAPADA DO ARARIPE","23029"
"5913914e03205749cd170929","Microrregião de Sobral",0.528444773653034,"2020-05-14","SOBRAL","SOBRAL","23005"
"5913912703205749cd164996","Microrregião de São Felix do Xingu",0.403849344606382,"2020-05-14","SÃO FÉLIX DO XINGU","SÃO FÉLIX DO XINGU","15018"
"5913910303205749cd1590ea","Microrregião de Brasiléia",0.459533152517201,"2020-05-14","BRASILÉIA","BRASILÉIA","12005"
"59138b8a03205749cdfcdcab","Microrregião de Ijuí",0.377558680039007,"2020-05-14","IJUÍ","IJUÍ","43008"
"5913910303205749cd1590d7","Microrregião de Tarauacá",0.405558744340264,"2020-05-14","TARAUACÁ","TARAUACÁ","12002"
"59138cf603205749cd02841d","Microrregião Alegre",0.39200688091692,"2020-05-14","ALEGRE","ALEGRE","32011"
"59138d8c03205749cd051b70","Microrregião Guanhães",0.391617128947394,"2020-05-14","GUANHÃES","GUANHÃES","31035"
"591390ad03205749cd13d13f","Microrregião de Guarabira",0.475681206826473,"2020-05-14","GUARABIRA","GUARABIRA","25016"
"59138b8b03205749cdfcde65","Microrregião de Sananduva",0.330711936701023,"2020-05-14","SANANDUVA","SANANDUVA","43005"
"5913911503205749cd15ee1d","Microrregião de São Carlos",0.444436413491477,"2020-05-14","SÃO CARLOS","SÃO CARLOS","35025"
"5913911c03205749cd1610a9","Microrregião de Tatuí",0.399847209424154,"2020-05-14","TATUÍ","TATUÍ","35043"
"5913910c03205749cd15be2a","Microrregião de União da Vitória",0.424660700955526,"2020-05-14","UNIÃO DA VITÓRIA","UNIÃO DA VITÓRIA","41033"
"59138d8503205749cd04ff03","Microrregião Macacu-Caceribu",0.437660900296687,"2020-05-14","MACACU-CACERIBU","MACACU-CACERIBU","33016"
"5913912b03205749cd165a9c","Microrregião de Blumenau",0.381279184692528,"2020-05-14","BLUMENAU","BLUMENAU","42012"
"59138d8503205749cd04ff04","Microrregião Serrana",0.448742380913556,"2020-05-14","SERRANA","SERRANA","33015"
"59138d8c03205749cd051b57","Microrregião Alfenas",0.383923982794279,"2020-05-14","ALFENAS","ALFENAS","31049"
"5913911503205749cd15ee88","Microrregião de Barretos",0.393703989886591,"2020-05-14","BARRETOS","BARRETOS","35009"
"5913911b03205749cd160ef3","Microrregião de Rio Claro",0.4089558875614,"2020-05-14","RIO CLARO","RIO CLARO","35026"
"5913915703205749cd1739fc","Microrregião de Baixa Verde",0.42378558391259,"2020-05-14","BAIXA VERDE","BAIXA VERDE","24013"
"591390cd03205749cd1478d3","Microrregião de Paulo Afonso",0.436389921601557,"2020-05-14","PAULO AFONSO","PAULO AFONSO","29005"
"5913910e03205749cd15ccee","Microrregião de Rio Preto da Eva",0.476243867390965,"2020-05-14","RIO PRETO DA EVA","RIO PRETO DA EVA","13008"
"5913910303205749cd1590e3","Microrregião de Sena Madureira",0.427648951592421,"2020-05-14","SENA MADUREIRA","SENA MADUREIRA","12003"
"5913912f03205749cd16705f","Microrregião Bico do Papagaio",0.398576889405007,"2020-05-14","BICO DO PAPAGAIO","BICO DO PAPAGAIO","17001"
"5913910403205749cd15951f","Microrregião Cacoal",0.429513752773127,"2020-05-14","CACOAL","CACOAL","11006"
"59138b8a03205749cdfcdb20","Microrregião de Lageado-Estrela",0.387852647944193,"2020-05-14","LAJEADO-ESTRELA","LAJEADO-ESTRELA","43021"
"5913915603205749cd1735f8","Microrregião do Médio Oeste",0.402800394769682,"2020-05-14","MÉDIO OESTE","MÉDIO OESTE","24003"
"5913912303205749cd1631ad","Microrregião de Óbidos",0.389483899772212,"2020-05-14","ÓBIDOS","ÓBIDOS","15001"
"59138d8c03205749cd051b61","Microrregião Belo Horizonte",0.395888748546289,"2020-05-14","BELO HORIZONTE","BELO HORIZONTE","31030"
"5913910a03205749cd15b1ec","Microrregião Foz do Iguaçu",0.424678042969264,"2020-05-14","FOZ DO IGUAÇU","FOZ DO IGUAÇU","41024"
"5913913003205749cd16749b","Microrregião de Gurupi",0.362335492323278,"2020-05-14","GURUPI","GURUPI","17005"
"5913913003205749cd16749b","Microrregião de Gurupi",0.362335492323278,"2020-05-14","GURUPI","GURUPI","17005"
"5913913003205749cd16749b","Microrregião de Gurupi",0.362335492323278,"2020-05-14","GURUPI","GURUPI","17005"
"5913913003205749cd16749b","Microrregião de Gurupi",0.362335492323278,"2020-05-14","GURUPI","GURUPI","17005"
"591390d103205749cd148eb4","Microrregião de Ilhéus-Itabuna",0.432319931098844,"2020-05-14","ILHÉUS-ITABUNA","ILHÉUS-ITABUNA","29031"
"591390bc03205749cd142631","Microrregião de Boquira",0.401675167795175,"2020-05-14","BOQUIRA","BOQUIRA","29022"
"591390d203205749cd1490c6","Microrregião de Santo Antônio de Jesus",0.411781262539351,"2020-05-14","SANTO ANTÔNIO DE JESUS","SANTO ANTÔNIO DE JESUS","29020"
"5913911c03205749cd161151","Microrregião de Canoinhas",0.385944407802732,"2020-05-14","CANOINHAS","CANOINHAS","42006"
"591390d203205749cd1490c8","Microrregião de Salvador",0.444226840548451,"2020-05-14","SALVADOR","SALVADOR","29021"
"59138d8203205749cd04f1db","Microrregião de Campos dos Goytacazes",0.415410172529579,"2020-05-14","CAMPOS DOS GOYTACAZES","CAMPOS DOS GOYTACAZES","33003"
"5913911203205749cd15dd92","Microrregião de Jaú",0.395813098810215,"2020-05-14","JAÚ","JAÚ","35021"
"5913915303205749cd172451","Microrregião de Cascavel",0.509847097920631,"2020-05-14","CASCAVEL","CASCAVEL","23015"
"5913915303205749cd172451","Microrregião de Cascavel",0.509847097920631,"2020-05-14","CASCAVEL","CASCAVEL","23015"
"5913910a03205749cd15b1e9","Microrregião Cascavel",0.365271229218628,"2020-05-14","CASCAVEL","CASCAVEL","23015"
"5913910a03205749cd15b1e9","Microrregião Cascavel",0.365271229218628,"2020-05-14","CASCAVEL","CASCAVEL","23015"
"59138d8c03205749cd051b68","Microrregião Conceição do Mato Dentro",0.387457084243189,"2020-05-14","CONCEIÇÃO DO MATO DENTRO","CONCEIÇÃO DO MATO DENTRO","31028"
"591390d203205749cd1490c5","Microrregião de Euclides da Cunha",0.429173001555102,"2020-05-14","EUCLIDES DA CUNHA","EUCLIDES DA CUNHA","29014"
"5913912803205749cd164ca4","Microrregião de Salgado",0.509680487808085,"2020-05-14","SALGADO","SALGADO","15009"
"59138d8d03205749cd051b8e","Microrregião Salinas",0.357785759986483,"2020-05-14","SALINAS","SALINAS","31005"
"5913914b03205749cd16f435","Microrregião Alagoana do Sertão do São Francisco",0.411178722616641,"2020-05-14","ALAGOANA DO SERTÃO DO SÃO FRANCISCO","ALAGOANA DO SERTÃO DO SÃO FRANCISCO","27002"
"59138d8c03205749cd051b6a","Microrregião Diamantina",0.433965420106612,"2020-05-14","DIAMANTINA","DIAMANTINA","31010"
"5913910603205749cd159ebc","Microrregião Floraí",0.349324520741827,"2020-05-14","FLORAÍ","FLORAÍ","41008"
"591390ad03205749cd13d142","Microrregião de Umbuzeiro",0.480234539320383,"2020-05-14","UMBUZEIRO","UMBUZEIRO","25019"
"5913912303205749cd162f97","Microrregião de Itajaí",0.386940875068428,"2020-05-14","ITAJAÍ","ITAJAÍ","42013"
"591390ad03205749cd13d189","Microrregião de Piancó",0.428121555943981,"2020-05-14","PIANCÓ","PIANCÓ","25005"
"591390d103205749cd1489c1","Microrregião de Feira de Santana",0.37312299527723,"2020-05-14","FEIRA DE SANTANA","FEIRA DE SANTANA","29012"
"5913914803205749cd16e4b8","Microrregião de Imperatriz",0.448838480132626,"2020-05-14","IMPERATRIZ","IMPERATRIZ","21009"
"5913910403205749cd159505","Microrregião Ji-Paraná",0.428428258385588,"2020-05-14","JI-PARANÁ","JI-PARANÁ","11004"
"5913910e03205749cd15ccf3","Microrregião de Manaus",0.47899156202928,"2020-05-14","MANAUS","MANAUS","13007"
"5913915603205749cd1735dc","Microrregião de Mossoró",0.440994807834228,"2020-05-14","MOSSORÓ","MOSSORÓ","24001"
"5913910e03205749cd15cd09","Microrregião de Boca do Acre",0.501380488513712,"2020-05-14","BOCA DO ACRE","BOCA DO ACRE","13011"
"591390d203205749cd1490c2","Microrregião de Catu",0.400003195205148,"2020-05-14","CATU","CATU","29019"
"5913913d03205749cd16b474","Microrregião do Alto Paraguai",0.385217220075111,"2020-05-14","ALTO PARAGUAI","ALTO PARAGUAI","51015"
"5913913d03205749cd16b46e","Microrregião de Cuiabá",0.385833504625386,"2020-05-14","CUIABÁ","CUIABÁ","51017"
"5913910803205749cd15ab68","Microrregião Ivaiporã",0.350774546531001,"2020-05-14","IVAIPORÃ","IVAIPORÃ","41013"
"591390d203205749cd1490d0","Microrregião de Ribeira do Pombal",0.398039711425393,"2020-05-14","RIBEIRA DO POMBAL","RIBEIRA DO POMBAL","29015"
